subject,state,path
C:\Users\Patrick\Documents\GitHub\ICDeepLearning\Data\FullDataset\768\_\5\0.csv,5,_
C:\Users\Patrick\Documents\GitHub\ICDeepLearning\Data\FullDataset\768\_\5\1.csv,5,_
C:\Users\Patrick\Documents\GitHub\ICDeepLearning\Data\FullDataset\768\_\5\2.csv,5,_
C:\Users\Patrick\Documents\GitHub\ICDeepLearning\Data\FullDataset\768\_\5\3.csv,5,_
C:\Users\Patrick\Documents\GitHub\ICDeepLearning\Data\FullDataset\768\_\5\4.csv,5,_
C:\Users\Patrick\Documents\GitHub\ICDeepLearning\Data\FullDataset\768\_\5\5.csv,5,_
C:\Users\Patrick\Documents\GitHub\ICDeepLearning\Data\FullDataset\768\_\5\6.csv,5,_
C:\Users\Patrick\Documents\GitHub\ICDeepLearning\Data\FullDataset\768\_\5\7.csv,5,_
C:\Users\Patrick\Documents\GitHub\ICDeepLearning\Data\FullDataset\768\_\5\8.csv,5,_
C:\Users\Patrick\Documents\GitHub\ICDeepLearning\Data\FullDataset\768\_\5\9.csv,5,_
C:\Users\Patrick\Documents\GitHub\ICDeepLearning\Data\FullDataset\768\_\5\10.csv,5,_
C:\Users\Patrick\Documents\GitHub\ICDeepLearning\Data\FullDataset\768\_\5\11.csv,5,_
C:\Users\Patrick\Documents\GitHub\ICDeepLearning\Data\FullDataset\768\_\5\12.csv,5,_
C:\Users\Patrick\Documents\GitHub\ICDeepLearning\Data\FullDataset\768\_\5\13.csv,5,_
C:\Users\Patrick\Documents\GitHub\ICDeepLearning\Data\FullDataset\768\_\5\14.csv,5,_
C:\Users\Patrick\Documents\GitHub\ICDeepLearning\Data\FullDataset\768\_\5\15.csv,5,_
C:\Users\Patrick\Documents\GitHub\ICDeepLearning\Data\FullDataset\768\_\5\16.csv,5,_
C:\Users\Patrick\Documents\GitHub\ICDeepLearning\Data\FullDataset\768\_\5\17.csv,5,_
C:\Users\Patrick\Documents\GitHub\ICDeepLearning\Data\FullDataset\768\_\5\18.csv,5,_
C:\Users\Patrick\Documents\GitHub\ICDeepLearning\Data\FullDataset\768\_\5\19.csv,5,_
C:\Users\Patrick\Documents\GitHub\ICDeepLearning\Data\FullDataset\768\_\5\20.csv,5,_
C:\Users\Patrick\Documents\GitHub\ICDeepLearning\Data\FullDataset\768\_\5\21.csv,5,_
C:\Users\Patrick\Documents\GitHub\ICDeepLearning\Data\FullDataset\768\_\5\22.csv,5,_
C:\Users\Patrick\Documents\GitHub\ICDeepLearning\Data\FullDataset\768\_\5\23.csv,5,_
C:\Users\Patrick\Documents\GitHub\ICDeepLearning\Data\FullDataset\768\_\5\24.csv,5,_
C:\Users\Patrick\Documents\GitHub\ICDeepLearning\Data\FullDataset\768\_\5\25.csv,5,_
C:\Users\Patrick\Documents\GitHub\ICDeepLearning\Data\FullDataset\768\_\5\26.csv,5,_
C:\Users\Patrick\Documents\GitHub\ICDeepLearning\Data\FullDataset\768\_\5\27.csv,5,_
C:\Users\Patrick\Documents\GitHub\ICDeepLearning\Data\FullDataset\768\_\5\28.csv,5,_
C:\Users\Patrick\Documents\GitHub\ICDeepLearning\Data\FullDataset\768\_\5\29.csv,5,_
C:\Users\Patrick\Documents\GitHub\ICDeepLearning\Data\FullDataset\768\_\5\30.csv,5,_
C:\Users\Patrick\Documents\GitHub\ICDeepLearning\Data\FullDataset\768\_\5\31.csv,5,_
C:\Users\Patrick\Documents\GitHub\ICDeepLearning\Data\FullDataset\768\_\5\32.csv,5,_
C:\Users\Patrick\Documents\GitHub\ICDeepLearning\Data\FullDataset\768\_\5\33.csv,5,_
C:\Users\Patrick\Documents\GitHub\ICDeepLearning\Data\FullDataset\768\_\5\34.csv,5,_
C:\Users\Patrick\Documents\GitHub\ICDeepLearning\Data\FullDataset\768\_\5\35.csv,5,_
C:\Users\Patrick\Documents\GitHub\ICDeepLearning\Data\FullDataset\768\_\5\36.csv,5,_
C:\Users\Patrick\Documents\GitHub\ICDeepLearning\Data\FullDataset\768\_\5\37.csv,5,_
C:\Users\Patrick\Documents\GitHub\ICDeepLearning\Data\FullDataset\768\_\5\38.csv,5,_
C:\Users\Patrick\Documents\GitHub\ICDeepLearning\Data\FullDataset\768\_\5\39.csv,5,_
C:\Users\Patrick\Documents\GitHub\ICDeepLearning\Data\FullDataset\768\_\5\40.csv,5,_
C:\Users\Patrick\Documents\GitHub\ICDeepLearning\Data\FullDataset\768\_\5\41.csv,5,_
C:\Users\Patrick\Documents\GitHub\ICDeepLearning\Data\FullDataset\768\_\5\42.csv,5,_
C:\Users\Patrick\Documents\GitHub\ICDeepLearning\Data\FullDataset\768\_\5\43.csv,5,_
C:\Users\Patrick\Documents\GitHub\ICDeepLearning\Data\FullDataset\768\_\5\44.csv,5,_
C:\Users\Patrick\Documents\GitHub\ICDeepLearning\Data\FullDataset\768\_\5\45.csv,5,_
C:\Users\Patrick\Documents\GitHub\ICDeepLearning\Data\FullDataset\768\_\5\46.csv,5,_
C:\Users\Patrick\Documents\GitHub\ICDeepLearning\Data\FullDataset\768\_\5\47.csv,5,_
C:\Users\Patrick\Documents\GitHub\ICDeepLearning\Data\FullDataset\768\_\5\48.csv,5,_
C:\Users\Patrick\Documents\GitHub\ICDeepLearning\Data\FullDataset\768\_\5\49.csv,5,_
C:\Users\Patrick\Documents\GitHub\ICDeepLearning\Data\FullDataset\768\_\5\50.csv,5,_
C:\Users\Patrick\Documents\GitHub\ICDeepLearning\Data\FullDataset\768\_\5\51.csv,5,_
C:\Users\Patrick\Documents\GitHub\ICDeepLearning\Data\FullDataset\768\_\5\52.csv,5,_
C:\Users\Patrick\Documents\GitHub\ICDeepLearning\Data\FullDataset\768\_\5\53.csv,5,_
C:\Users\Patrick\Documents\GitHub\ICDeepLearning\Data\FullDataset\768\_\5\54.csv,5,_
C:\Users\Patrick\Documents\GitHub\ICDeepLearning\Data\FullDataset\768\_\5\55.csv,5,_
C:\Users\Patrick\Documents\GitHub\ICDeepLearning\Data\FullDataset\768\_\5\56.csv,5,_
C:\Users\Patrick\Documents\GitHub\ICDeepLearning\Data\FullDataset\768\_\5\57.csv,5,_
C:\Users\Patrick\Documents\GitHub\ICDeepLearning\Data\FullDataset\768\_\5\58.csv,5,_
C:\Users\Patrick\Documents\GitHub\ICDeepLearning\Data\FullDataset\768\_\5\59.csv,5,_
C:\Users\Patrick\Documents\GitHub\ICDeepLearning\Data\FullDataset\768\_\5\60.csv,5,_
C:\Users\Patrick\Documents\GitHub\ICDeepLearning\Data\FullDataset\768\_\5\61.csv,5,_
C:\Users\Patrick\Documents\GitHub\ICDeepLearning\Data\FullDataset\768\_\5\62.csv,5,_
C:\Users\Patrick\Documents\GitHub\ICDeepLearning\Data\FullDataset\768\_\5\63.csv,5,_
C:\Users\Patrick\Documents\GitHub\ICDeepLearning\Data\FullDataset\768\_\5\64.csv,5,_
C:\Users\Patrick\Documents\GitHub\ICDeepLearning\Data\FullDataset\768\_\5\65.csv,5,_
C:\Users\Patrick\Documents\GitHub\ICDeepLearning\Data\FullDataset\768\_\5\66.csv,5,_
C:\Users\Patrick\Documents\GitHub\ICDeepLearning\Data\FullDataset\768\_\5\67.csv,5,_
C:\Users\Patrick\Documents\GitHub\ICDeepLearning\Data\FullDataset\768\_\5\68.csv,5,_
C:\Users\Patrick\Documents\GitHub\ICDeepLearning\Data\FullDataset\768\_\5\69.csv,5,_
C:\Users\Patrick\Documents\GitHub\ICDeepLearning\Data\FullDataset\768\_\5\70.csv,5,_
C:\Users\Patrick\Documents\GitHub\ICDeepLearning\Data\FullDataset\768\_\5\71.csv,5,_
C:\Users\Patrick\Documents\GitHub\ICDeepLearning\Data\FullDataset\768\_\5\72.csv,5,_
C:\Users\Patrick\Documents\GitHub\ICDeepLearning\Data\FullDataset\768\_\5\73.csv,5,_
C:\Users\Patrick\Documents\GitHub\ICDeepLearning\Data\FullDataset\768\_\5\74.csv,5,_
C:\Users\Patrick\Documents\GitHub\ICDeepLearning\Data\FullDataset\768\_\5\75.csv,5,_
C:\Users\Patrick\Documents\GitHub\ICDeepLearning\Data\FullDataset\768\_\5\76.csv,5,_
C:\Users\Patrick\Documents\GitHub\ICDeepLearning\Data\FullDataset\768\_\5\77.csv,5,_
C:\Users\Patrick\Documents\GitHub\ICDeepLearning\Data\FullDataset\768\_\5\78.csv,5,_
C:\Users\Patrick\Documents\GitHub\ICDeepLearning\Data\FullDataset\768\_\5\79.csv,5,_
C:\Users\Patrick\Documents\GitHub\ICDeepLearning\Data\FullDataset\768\_\5\80.csv,5,_
C:\Users\Patrick\Documents\GitHub\ICDeepLearning\Data\FullDataset\768\_\5\81.csv,5,_
C:\Users\Patrick\Documents\GitHub\ICDeepLearning\Data\FullDataset\768\_\5\82.csv,5,_
C:\Users\Patrick\Documents\GitHub\ICDeepLearning\Data\FullDataset\768\_\5\83.csv,5,_
C:\Users\Patrick\Documents\GitHub\ICDeepLearning\Data\FullDataset\768\_\5\84.csv,5,_
C:\Users\Patrick\Documents\GitHub\ICDeepLearning\Data\FullDataset\768\_\5\85.csv,5,_
C:\Users\Patrick\Documents\GitHub\ICDeepLearning\Data\FullDataset\768\_\5\86.csv,5,_
C:\Users\Patrick\Documents\GitHub\ICDeepLearning\Data\FullDataset\768\_\5\87.csv,5,_
C:\Users\Patrick\Documents\GitHub\ICDeepLearning\Data\FullDataset\768\_\5\88.csv,5,_
C:\Users\Patrick\Documents\GitHub\ICDeepLearning\Data\FullDataset\768\_\5\89.csv,5,_
C:\Users\Patrick\Documents\GitHub\ICDeepLearning\Data\FullDataset\768\_\5\90.csv,5,_
C:\Users\Patrick\Documents\GitHub\ICDeepLearning\Data\FullDataset\768\_\5\91.csv,5,_
C:\Users\Patrick\Documents\GitHub\ICDeepLearning\Data\FullDataset\768\_\5\92.csv,5,_
C:\Users\Patrick\Documents\GitHub\ICDeepLearning\Data\FullDataset\768\_\5\93.csv,5,_
C:\Users\Patrick\Documents\GitHub\ICDeepLearning\Data\FullDataset\768\_\5\94.csv,5,_
C:\Users\Patrick\Documents\GitHub\ICDeepLearning\Data\FullDataset\768\_\5\95.csv,5,_
C:\Users\Patrick\Documents\GitHub\ICDeepLearning\Data\FullDataset\768\_\5\96.csv,5,_
C:\Users\Patrick\Documents\GitHub\ICDeepLearning\Data\FullDataset\768\_\5\97.csv,5,_
C:\Users\Patrick\Documents\GitHub\ICDeepLearning\Data\FullDataset\768\_\5\98.csv,5,_
C:\Users\Patrick\Documents\GitHub\ICDeepLearning\Data\FullDataset\768\_\5\99.csv,5,_
C:\Users\Patrick\Documents\GitHub\ICDeepLearning\Data\FullDataset\768\_\5\100.csv,5,_
C:\Users\Patrick\Documents\GitHub\ICDeepLearning\Data\FullDataset\768\_\5\101.csv,5,_
C:\Users\Patrick\Documents\GitHub\ICDeepLearning\Data\FullDataset\768\_\5\102.csv,5,_
C:\Users\Patrick\Documents\GitHub\ICDeepLearning\Data\FullDataset\768\_\5\103.csv,5,_
C:\Users\Patrick\Documents\GitHub\ICDeepLearning\Data\FullDataset\768\_\5\104.csv,5,_
C:\Users\Patrick\Documents\GitHub\ICDeepLearning\Data\FullDataset\768\_\5\105.csv,5,_
C:\Users\Patrick\Documents\GitHub\ICDeepLearning\Data\FullDataset\768\_\5\106.csv,5,_
C:\Users\Patrick\Documents\GitHub\ICDeepLearning\Data\FullDataset\768\_\5\107.csv,5,_
C:\Users\Patrick\Documents\GitHub\ICDeepLearning\Data\FullDataset\768\_\5\108.csv,5,_
C:\Users\Patrick\Documents\GitHub\ICDeepLearning\Data\FullDataset\768\_\5\109.csv,5,_
C:\Users\Patrick\Documents\GitHub\ICDeepLearning\Data\FullDataset\768\_\5\110.csv,5,_
C:\Users\Patrick\Documents\GitHub\ICDeepLearning\Data\FullDataset\768\_\5\111.csv,5,_
C:\Users\Patrick\Documents\GitHub\ICDeepLearning\Data\FullDataset\768\_\5\112.csv,5,_
C:\Users\Patrick\Documents\GitHub\ICDeepLearning\Data\FullDataset\768\_\5\113.csv,5,_
C:\Users\Patrick\Documents\GitHub\ICDeepLearning\Data\FullDataset\768\_\5\114.csv,5,_
C:\Users\Patrick\Documents\GitHub\ICDeepLearning\Data\FullDataset\768\_\5\115.csv,5,_
C:\Users\Patrick\Documents\GitHub\ICDeepLearning\Data\FullDataset\768\_\5\116.csv,5,_
C:\Users\Patrick\Documents\GitHub\ICDeepLearning\Data\FullDataset\768\_\5\117.csv,5,_
C:\Users\Patrick\Documents\GitHub\ICDeepLearning\Data\FullDataset\768\_\5\118.csv,5,_
C:\Users\Patrick\Documents\GitHub\ICDeepLearning\Data\FullDataset\768\_\5\119.csv,5,_
C:\Users\Patrick\Documents\GitHub\ICDeepLearning\Data\FullDataset\768\_\5\120.csv,5,_
C:\Users\Patrick\Documents\GitHub\ICDeepLearning\Data\FullDataset\768\_\5\121.csv,5,_
C:\Users\Patrick\Documents\GitHub\ICDeepLearning\Data\FullDataset\768\_\5\122.csv,5,_
C:\Users\Patrick\Documents\GitHub\ICDeepLearning\Data\FullDataset\768\_\5\123.csv,5,_
C:\Users\Patrick\Documents\GitHub\ICDeepLearning\Data\FullDataset\768\_\5\124.csv,5,_
C:\Users\Patrick\Documents\GitHub\ICDeepLearning\Data\FullDataset\768\_\5\125.csv,5,_
C:\Users\Patrick\Documents\GitHub\ICDeepLearning\Data\FullDataset\768\_\5\126.csv,5,_
C:\Users\Patrick\Documents\GitHub\ICDeepLearning\Data\FullDataset\768\_\5\127.csv,5,_
C:\Users\Patrick\Documents\GitHub\ICDeepLearning\Data\FullDataset\768\_\5\128.csv,5,_
C:\Users\Patrick\Documents\GitHub\ICDeepLearning\Data\FullDataset\768\_\5\129.csv,5,_
C:\Users\Patrick\Documents\GitHub\ICDeepLearning\Data\FullDataset\768\_\5\130.csv,5,_
C:\Users\Patrick\Documents\GitHub\ICDeepLearning\Data\FullDataset\768\_\5\131.csv,5,_
C:\Users\Patrick\Documents\GitHub\ICDeepLearning\Data\FullDataset\768\_\5\132.csv,5,_
C:\Users\Patrick\Documents\GitHub\ICDeepLearning\Data\FullDataset\768\_\5\133.csv,5,_
C:\Users\Patrick\Documents\GitHub\ICDeepLearning\Data\FullDataset\768\_\5\134.csv,5,_
C:\Users\Patrick\Documents\GitHub\ICDeepLearning\Data\FullDataset\768\_\5\135.csv,5,_
C:\Users\Patrick\Documents\GitHub\ICDeepLearning\Data\FullDataset\768\_\5\136.csv,5,_
C:\Users\Patrick\Documents\GitHub\ICDeepLearning\Data\FullDataset\768\_\5\137.csv,5,_
C:\Users\Patrick\Documents\GitHub\ICDeepLearning\Data\FullDataset\768\_\5\138.csv,5,_
C:\Users\Patrick\Documents\GitHub\ICDeepLearning\Data\FullDataset\768\_\5\139.csv,5,_
C:\Users\Patrick\Documents\GitHub\ICDeepLearning\Data\FullDataset\768\_\5\140.csv,5,_
C:\Users\Patrick\Documents\GitHub\ICDeepLearning\Data\FullDataset\768\_\5\141.csv,5,_
C:\Users\Patrick\Documents\GitHub\ICDeepLearning\Data\FullDataset\768\_\5\142.csv,5,_
C:\Users\Patrick\Documents\GitHub\ICDeepLearning\Data\FullDataset\768\_\5\143.csv,5,_
C:\Users\Patrick\Documents\GitHub\ICDeepLearning\Data\FullDataset\768\_\5\144.csv,5,_
C:\Users\Patrick\Documents\GitHub\ICDeepLearning\Data\FullDataset\768\_\5\145.csv,5,_
C:\Users\Patrick\Documents\GitHub\ICDeepLearning\Data\FullDataset\768\_\5\146.csv,5,_
C:\Users\Patrick\Documents\GitHub\ICDeepLearning\Data\FullDataset\768\_\5\147.csv,5,_
C:\Users\Patrick\Documents\GitHub\ICDeepLearning\Data\FullDataset\768\_\5\148.csv,5,_
C:\Users\Patrick\Documents\GitHub\ICDeepLearning\Data\FullDataset\768\_\5\149.csv,5,_
C:\Users\Patrick\Documents\GitHub\ICDeepLearning\Data\FullDataset\768\_\5\150.csv,5,_
C:\Users\Patrick\Documents\GitHub\ICDeepLearning\Data\FullDataset\768\_\5\151.csv,5,_
C:\Users\Patrick\Documents\GitHub\ICDeepLearning\Data\FullDataset\768\_\5\152.csv,5,_
C:\Users\Patrick\Documents\GitHub\ICDeepLearning\Data\FullDataset\768\_\5\153.csv,5,_
C:\Users\Patrick\Documents\GitHub\ICDeepLearning\Data\FullDataset\768\_\5\154.csv,5,_
C:\Users\Patrick\Documents\GitHub\ICDeepLearning\Data\FullDataset\768\_\5\155.csv,5,_
C:\Users\Patrick\Documents\GitHub\ICDeepLearning\Data\FullDataset\768\_\5\156.csv,5,_
C:\Users\Patrick\Documents\GitHub\ICDeepLearning\Data\FullDataset\768\_\5\157.csv,5,_
C:\Users\Patrick\Documents\GitHub\ICDeepLearning\Data\FullDataset\768\_\5\158.csv,5,_
C:\Users\Patrick\Documents\GitHub\ICDeepLearning\Data\FullDataset\768\_\5\159.csv,5,_
C:\Users\Patrick\Documents\GitHub\ICDeepLearning\Data\FullDataset\768\_\5\160.csv,5,_
C:\Users\Patrick\Documents\GitHub\ICDeepLearning\Data\FullDataset\768\_\5\161.csv,5,_
C:\Users\Patrick\Documents\GitHub\ICDeepLearning\Data\FullDataset\768\_\5\162.csv,5,_
C:\Users\Patrick\Documents\GitHub\ICDeepLearning\Data\FullDataset\768\_\5\163.csv,5,_
C:\Users\Patrick\Documents\GitHub\ICDeepLearning\Data\FullDataset\768\_\5\164.csv,5,_
C:\Users\Patrick\Documents\GitHub\ICDeepLearning\Data\FullDataset\768\_\5\165.csv,5,_
C:\Users\Patrick\Documents\GitHub\ICDeepLearning\Data\FullDataset\768\_\5\166.csv,5,_
C:\Users\Patrick\Documents\GitHub\ICDeepLearning\Data\FullDataset\768\_\5\167.csv,5,_
C:\Users\Patrick\Documents\GitHub\ICDeepLearning\Data\FullDataset\768\_\5\168.csv,5,_
C:\Users\Patrick\Documents\GitHub\ICDeepLearning\Data\FullDataset\768\_\5\169.csv,5,_
C:\Users\Patrick\Documents\GitHub\ICDeepLearning\Data\FullDataset\768\_\5\170.csv,5,_
C:\Users\Patrick\Documents\GitHub\ICDeepLearning\Data\FullDataset\768\_\5\171.csv,5,_
C:\Users\Patrick\Documents\GitHub\ICDeepLearning\Data\FullDataset\768\_\5\172.csv,5,_
C:\Users\Patrick\Documents\GitHub\ICDeepLearning\Data\FullDataset\768\_\5\173.csv,5,_
C:\Users\Patrick\Documents\GitHub\ICDeepLearning\Data\FullDataset\768\_\5\174.csv,5,_
C:\Users\Patrick\Documents\GitHub\ICDeepLearning\Data\FullDataset\768\_\5\175.csv,5,_
C:\Users\Patrick\Documents\GitHub\ICDeepLearning\Data\FullDataset\768\_\5\176.csv,5,_
C:\Users\Patrick\Documents\GitHub\ICDeepLearning\Data\FullDataset\768\_\5\177.csv,5,_
C:\Users\Patrick\Documents\GitHub\ICDeepLearning\Data\FullDataset\768\_\5\178.csv,5,_
C:\Users\Patrick\Documents\GitHub\ICDeepLearning\Data\FullDataset\768\_\5\179.csv,5,_
C:\Users\Patrick\Documents\GitHub\ICDeepLearning\Data\FullDataset\768\_\5\180.csv,5,_
C:\Users\Patrick\Documents\GitHub\ICDeepLearning\Data\FullDataset\768\_\5\181.csv,5,_
C:\Users\Patrick\Documents\GitHub\ICDeepLearning\Data\FullDataset\768\_\5\182.csv,5,_
C:\Users\Patrick\Documents\GitHub\ICDeepLearning\Data\FullDataset\768\_\5\183.csv,5,_
C:\Users\Patrick\Documents\GitHub\ICDeepLearning\Data\FullDataset\768\_\5\184.csv,5,_
C:\Users\Patrick\Documents\GitHub\ICDeepLearning\Data\FullDataset\768\_\5\185.csv,5,_
C:\Users\Patrick\Documents\GitHub\ICDeepLearning\Data\FullDataset\768\_\5\186.csv,5,_
C:\Users\Patrick\Documents\GitHub\ICDeepLearning\Data\FullDataset\768\_\5\187.csv,5,_
C:\Users\Patrick\Documents\GitHub\ICDeepLearning\Data\FullDataset\768\_\5\188.csv,5,_
C:\Users\Patrick\Documents\GitHub\ICDeepLearning\Data\FullDataset\768\_\5\189.csv,5,_
C:\Users\Patrick\Documents\GitHub\ICDeepLearning\Data\FullDataset\768\_\5\190.csv,5,_
C:\Users\Patrick\Documents\GitHub\ICDeepLearning\Data\FullDataset\768\_\5\191.csv,5,_
C:\Users\Patrick\Documents\GitHub\ICDeepLearning\Data\FullDataset\768\_\5\192.csv,5,_
C:\Users\Patrick\Documents\GitHub\ICDeepLearning\Data\FullDataset\768\_\5\193.csv,5,_
C:\Users\Patrick\Documents\GitHub\ICDeepLearning\Data\FullDataset\768\_\5\194.csv,5,_
C:\Users\Patrick\Documents\GitHub\ICDeepLearning\Data\FullDataset\768\_\5\195.csv,5,_
C:\Users\Patrick\Documents\GitHub\ICDeepLearning\Data\FullDataset\768\_\5\196.csv,5,_
C:\Users\Patrick\Documents\GitHub\ICDeepLearning\Data\FullDataset\768\_\5\197.csv,5,_
C:\Users\Patrick\Documents\GitHub\ICDeepLearning\Data\FullDataset\768\_\5\198.csv,5,_
C:\Users\Patrick\Documents\GitHub\ICDeepLearning\Data\FullDataset\768\_\5\199.csv,5,_
C:\Users\Patrick\Documents\GitHub\ICDeepLearning\Data\FullDataset\768\_\5\200.csv,5,_
C:\Users\Patrick\Documents\GitHub\ICDeepLearning\Data\FullDataset\768\_\5\201.csv,5,_
C:\Users\Patrick\Documents\GitHub\ICDeepLearning\Data\FullDataset\768\_\5\202.csv,5,_
C:\Users\Patrick\Documents\GitHub\ICDeepLearning\Data\FullDataset\768\_\5\203.csv,5,_
C:\Users\Patrick\Documents\GitHub\ICDeepLearning\Data\FullDataset\768\_\5\204.csv,5,_
C:\Users\Patrick\Documents\GitHub\ICDeepLearning\Data\FullDataset\768\_\5\205.csv,5,_
C:\Users\Patrick\Documents\GitHub\ICDeepLearning\Data\FullDataset\768\_\5\206.csv,5,_
C:\Users\Patrick\Documents\GitHub\ICDeepLearning\Data\FullDataset\768\_\5\207.csv,5,_
C:\Users\Patrick\Documents\GitHub\ICDeepLearning\Data\FullDataset\768\_\5\208.csv,5,_
C:\Users\Patrick\Documents\GitHub\ICDeepLearning\Data\FullDataset\768\_\5\209.csv,5,_
C:\Users\Patrick\Documents\GitHub\ICDeepLearning\Data\FullDataset\768\_\5\210.csv,5,_
C:\Users\Patrick\Documents\GitHub\ICDeepLearning\Data\FullDataset\768\_\5\211.csv,5,_
C:\Users\Patrick\Documents\GitHub\ICDeepLearning\Data\FullDataset\768\_\5\212.csv,5,_
C:\Users\Patrick\Documents\GitHub\ICDeepLearning\Data\FullDataset\768\_\5\213.csv,5,_
C:\Users\Patrick\Documents\GitHub\ICDeepLearning\Data\FullDataset\768\_\5\214.csv,5,_
C:\Users\Patrick\Documents\GitHub\ICDeepLearning\Data\FullDataset\768\_\5\215.csv,5,_
C:\Users\Patrick\Documents\GitHub\ICDeepLearning\Data\FullDataset\768\_\5\216.csv,5,_
C:\Users\Patrick\Documents\GitHub\ICDeepLearning\Data\FullDataset\768\_\5\217.csv,5,_
C:\Users\Patrick\Documents\GitHub\ICDeepLearning\Data\FullDataset\768\_\5\218.csv,5,_
C:\Users\Patrick\Documents\GitHub\ICDeepLearning\Data\FullDataset\768\_\5\219.csv,5,_
C:\Users\Patrick\Documents\GitHub\ICDeepLearning\Data\FullDataset\768\_\5\220.csv,5,_
C:\Users\Patrick\Documents\GitHub\ICDeepLearning\Data\FullDataset\768\_\5\221.csv,5,_
C:\Users\Patrick\Documents\GitHub\ICDeepLearning\Data\FullDataset\768\_\5\222.csv,5,_
C:\Users\Patrick\Documents\GitHub\ICDeepLearning\Data\FullDataset\768\_\5\223.csv,5,_
C:\Users\Patrick\Documents\GitHub\ICDeepLearning\Data\FullDataset\768\_\5\224.csv,5,_
C:\Users\Patrick\Documents\GitHub\ICDeepLearning\Data\FullDataset\768\_\5\225.csv,5,_
C:\Users\Patrick\Documents\GitHub\ICDeepLearning\Data\FullDataset\768\_\5\226.csv,5,_
C:\Users\Patrick\Documents\GitHub\ICDeepLearning\Data\FullDataset\768\_\5\227.csv,5,_
C:\Users\Patrick\Documents\GitHub\ICDeepLearning\Data\FullDataset\768\_\5\228.csv,5,_
C:\Users\Patrick\Documents\GitHub\ICDeepLearning\Data\FullDataset\768\_\5\229.csv,5,_
C:\Users\Patrick\Documents\GitHub\ICDeepLearning\Data\FullDataset\768\_\5\230.csv,5,_
C:\Users\Patrick\Documents\GitHub\ICDeepLearning\Data\FullDataset\768\_\5\231.csv,5,_
C:\Users\Patrick\Documents\GitHub\ICDeepLearning\Data\FullDataset\768\_\5\232.csv,5,_
C:\Users\Patrick\Documents\GitHub\ICDeepLearning\Data\FullDataset\768\_\5\233.csv,5,_
C:\Users\Patrick\Documents\GitHub\ICDeepLearning\Data\FullDataset\768\_\5\234.csv,5,_
C:\Users\Patrick\Documents\GitHub\ICDeepLearning\Data\FullDataset\768\_\5\235.csv,5,_
C:\Users\Patrick\Documents\GitHub\ICDeepLearning\Data\FullDataset\768\_\5\236.csv,5,_
C:\Users\Patrick\Documents\GitHub\ICDeepLearning\Data\FullDataset\768\_\5\237.csv,5,_
C:\Users\Patrick\Documents\GitHub\ICDeepLearning\Data\FullDataset\768\_\5\238.csv,5,_
C:\Users\Patrick\Documents\GitHub\ICDeepLearning\Data\FullDataset\768\_\5\239.csv,5,_
C:\Users\Patrick\Documents\GitHub\ICDeepLearning\Data\FullDataset\768\_\5\240.csv,5,_
C:\Users\Patrick\Documents\GitHub\ICDeepLearning\Data\FullDataset\768\_\5\241.csv,5,_
C:\Users\Patrick\Documents\GitHub\ICDeepLearning\Data\FullDataset\768\_\5\242.csv,5,_
C:\Users\Patrick\Documents\GitHub\ICDeepLearning\Data\FullDataset\768\_\5\243.csv,5,_
C:\Users\Patrick\Documents\GitHub\ICDeepLearning\Data\FullDataset\768\_\5\244.csv,5,_
C:\Users\Patrick\Documents\GitHub\ICDeepLearning\Data\FullDataset\768\_\5\245.csv,5,_
C:\Users\Patrick\Documents\GitHub\ICDeepLearning\Data\FullDataset\768\_\5\246.csv,5,_
C:\Users\Patrick\Documents\GitHub\ICDeepLearning\Data\FullDataset\768\_\5\247.csv,5,_
C:\Users\Patrick\Documents\GitHub\ICDeepLearning\Data\FullDataset\768\_\5\248.csv,5,_
C:\Users\Patrick\Documents\GitHub\ICDeepLearning\Data\FullDataset\768\_\5\249.csv,5,_
C:\Users\Patrick\Documents\GitHub\ICDeepLearning\Data\FullDataset\768\_\5\250.csv,5,_
C:\Users\Patrick\Documents\GitHub\ICDeepLearning\Data\FullDataset\768\_\5\251.csv,5,_
C:\Users\Patrick\Documents\GitHub\ICDeepLearning\Data\FullDataset\768\_\5\252.csv,5,_
C:\Users\Patrick\Documents\GitHub\ICDeepLearning\Data\FullDataset\768\_\5\253.csv,5,_
C:\Users\Patrick\Documents\GitHub\ICDeepLearning\Data\FullDataset\768\_\5\254.csv,5,_
C:\Users\Patrick\Documents\GitHub\ICDeepLearning\Data\FullDataset\768\_\5\255.csv,5,_
C:\Users\Patrick\Documents\GitHub\ICDeepLearning\Data\FullDataset\768\_\5\256.csv,5,_
C:\Users\Patrick\Documents\GitHub\ICDeepLearning\Data\FullDataset\768\_\5\257.csv,5,_
C:\Users\Patrick\Documents\GitHub\ICDeepLearning\Data\FullDataset\768\_\5\258.csv,5,_
C:\Users\Patrick\Documents\GitHub\ICDeepLearning\Data\FullDataset\768\_\5\259.csv,5,_
C:\Users\Patrick\Documents\GitHub\ICDeepLearning\Data\FullDataset\768\_\5\260.csv,5,_
C:\Users\Patrick\Documents\GitHub\ICDeepLearning\Data\FullDataset\768\_\5\261.csv,5,_
C:\Users\Patrick\Documents\GitHub\ICDeepLearning\Data\FullDataset\768\_\5\262.csv,5,_
C:\Users\Patrick\Documents\GitHub\ICDeepLearning\Data\FullDataset\768\_\5\263.csv,5,_
C:\Users\Patrick\Documents\GitHub\ICDeepLearning\Data\FullDataset\768\_\5\264.csv,5,_
C:\Users\Patrick\Documents\GitHub\ICDeepLearning\Data\FullDataset\768\_\5\265.csv,5,_
C:\Users\Patrick\Documents\GitHub\ICDeepLearning\Data\FullDataset\768\_\5\266.csv,5,_
C:\Users\Patrick\Documents\GitHub\ICDeepLearning\Data\FullDataset\768\_\5\267.csv,5,_
C:\Users\Patrick\Documents\GitHub\ICDeepLearning\Data\FullDataset\768\_\5\268.csv,5,_
C:\Users\Patrick\Documents\GitHub\ICDeepLearning\Data\FullDataset\768\_\5\269.csv,5,_
C:\Users\Patrick\Documents\GitHub\ICDeepLearning\Data\FullDataset\768\_\5\270.csv,5,_
C:\Users\Patrick\Documents\GitHub\ICDeepLearning\Data\FullDataset\768\_\5\271.csv,5,_
C:\Users\Patrick\Documents\GitHub\ICDeepLearning\Data\FullDataset\768\_\5\272.csv,5,_
C:\Users\Patrick\Documents\GitHub\ICDeepLearning\Data\FullDataset\768\_\5\273.csv,5,_
C:\Users\Patrick\Documents\GitHub\ICDeepLearning\Data\FullDataset\768\_\5\274.csv,5,_
C:\Users\Patrick\Documents\GitHub\ICDeepLearning\Data\FullDataset\768\_\5\275.csv,5,_
C:\Users\Patrick\Documents\GitHub\ICDeepLearning\Data\FullDataset\768\_\5\276.csv,5,_
C:\Users\Patrick\Documents\GitHub\ICDeepLearning\Data\FullDataset\768\_\5\277.csv,5,_
C:\Users\Patrick\Documents\GitHub\ICDeepLearning\Data\FullDataset\768\_\5\278.csv,5,_
C:\Users\Patrick\Documents\GitHub\ICDeepLearning\Data\FullDataset\768\_\5\279.csv,5,_
C:\Users\Patrick\Documents\GitHub\ICDeepLearning\Data\FullDataset\768\_\5\280.csv,5,_
C:\Users\Patrick\Documents\GitHub\ICDeepLearning\Data\FullDataset\768\_\5\281.csv,5,_
C:\Users\Patrick\Documents\GitHub\ICDeepLearning\Data\FullDataset\768\_\5\282.csv,5,_
C:\Users\Patrick\Documents\GitHub\ICDeepLearning\Data\FullDataset\768\_\5\283.csv,5,_
C:\Users\Patrick\Documents\GitHub\ICDeepLearning\Data\FullDataset\768\_\5\284.csv,5,_
C:\Users\Patrick\Documents\GitHub\ICDeepLearning\Data\FullDataset\768\_\5\285.csv,5,_
C:\Users\Patrick\Documents\GitHub\ICDeepLearning\Data\FullDataset\768\_\5\286.csv,5,_
C:\Users\Patrick\Documents\GitHub\ICDeepLearning\Data\FullDataset\768\_\5\287.csv,5,_
C:\Users\Patrick\Documents\GitHub\ICDeepLearning\Data\FullDataset\768\_\5\288.csv,5,_
C:\Users\Patrick\Documents\GitHub\ICDeepLearning\Data\FullDataset\768\_\5\289.csv,5,_
C:\Users\Patrick\Documents\GitHub\ICDeepLearning\Data\FullDataset\768\_\5\290.csv,5,_
C:\Users\Patrick\Documents\GitHub\ICDeepLearning\Data\FullDataset\768\_\5\291.csv,5,_
C:\Users\Patrick\Documents\GitHub\ICDeepLearning\Data\FullDataset\768\_\5\292.csv,5,_
C:\Users\Patrick\Documents\GitHub\ICDeepLearning\Data\FullDataset\768\_\5\293.csv,5,_
C:\Users\Patrick\Documents\GitHub\ICDeepLearning\Data\FullDataset\768\_\5\294.csv,5,_
C:\Users\Patrick\Documents\GitHub\ICDeepLearning\Data\FullDataset\768\_\5\295.csv,5,_
C:\Users\Patrick\Documents\GitHub\ICDeepLearning\Data\FullDataset\768\_\5\296.csv,5,_
C:\Users\Patrick\Documents\GitHub\ICDeepLearning\Data\FullDataset\768\_\5\297.csv,5,_
C:\Users\Patrick\Documents\GitHub\ICDeepLearning\Data\FullDataset\768\_\5\298.csv,5,_
C:\Users\Patrick\Documents\GitHub\ICDeepLearning\Data\FullDataset\768\_\5\299.csv,5,_
C:\Users\Patrick\Documents\GitHub\ICDeepLearning\Data\FullDataset\768\_\5\300.csv,5,_
C:\Users\Patrick\Documents\GitHub\ICDeepLearning\Data\FullDataset\768\_\5\301.csv,5,_
C:\Users\Patrick\Documents\GitHub\ICDeepLearning\Data\FullDataset\768\_\5\302.csv,5,_
C:\Users\Patrick\Documents\GitHub\ICDeepLearning\Data\FullDataset\768\_\5\303.csv,5,_
C:\Users\Patrick\Documents\GitHub\ICDeepLearning\Data\FullDataset\768\_\5\304.csv,5,_
C:\Users\Patrick\Documents\GitHub\ICDeepLearning\Data\FullDataset\768\_\5\305.csv,5,_
C:\Users\Patrick\Documents\GitHub\ICDeepLearning\Data\FullDataset\768\_\5\306.csv,5,_
C:\Users\Patrick\Documents\GitHub\ICDeepLearning\Data\FullDataset\768\_\5\307.csv,5,_
C:\Users\Patrick\Documents\GitHub\ICDeepLearning\Data\FullDataset\768\_\5\308.csv,5,_
C:\Users\Patrick\Documents\GitHub\ICDeepLearning\Data\FullDataset\768\_\5\309.csv,5,_
C:\Users\Patrick\Documents\GitHub\ICDeepLearning\Data\FullDataset\768\_\5\310.csv,5,_
C:\Users\Patrick\Documents\GitHub\ICDeepLearning\Data\FullDataset\768\_\5\311.csv,5,_
C:\Users\Patrick\Documents\GitHub\ICDeepLearning\Data\FullDataset\768\_\5\312.csv,5,_
C:\Users\Patrick\Documents\GitHub\ICDeepLearning\Data\FullDataset\768\_\5\313.csv,5,_
C:\Users\Patrick\Documents\GitHub\ICDeepLearning\Data\FullDataset\768\_\5\314.csv,5,_
C:\Users\Patrick\Documents\GitHub\ICDeepLearning\Data\FullDataset\768\_\5\315.csv,5,_
C:\Users\Patrick\Documents\GitHub\ICDeepLearning\Data\FullDataset\768\_\5\316.csv,5,_
C:\Users\Patrick\Documents\GitHub\ICDeepLearning\Data\FullDataset\768\_\5\317.csv,5,_
C:\Users\Patrick\Documents\GitHub\ICDeepLearning\Data\FullDataset\768\_\5\318.csv,5,_
C:\Users\Patrick\Documents\GitHub\ICDeepLearning\Data\FullDataset\768\_\5\319.csv,5,_
C:\Users\Patrick\Documents\GitHub\ICDeepLearning\Data\FullDataset\768\_\5\320.csv,5,_
C:\Users\Patrick\Documents\GitHub\ICDeepLearning\Data\FullDataset\768\_\5\321.csv,5,_
C:\Users\Patrick\Documents\GitHub\ICDeepLearning\Data\FullDataset\768\_\5\322.csv,5,_
C:\Users\Patrick\Documents\GitHub\ICDeepLearning\Data\FullDataset\768\_\5\323.csv,5,_
C:\Users\Patrick\Documents\GitHub\ICDeepLearning\Data\FullDataset\768\_\5\324.csv,5,_
C:\Users\Patrick\Documents\GitHub\ICDeepLearning\Data\FullDataset\768\_\5\325.csv,5,_
C:\Users\Patrick\Documents\GitHub\ICDeepLearning\Data\FullDataset\768\_\5\326.csv,5,_
C:\Users\Patrick\Documents\GitHub\ICDeepLearning\Data\FullDataset\768\_\5\327.csv,5,_
C:\Users\Patrick\Documents\GitHub\ICDeepLearning\Data\FullDataset\768\_\5\328.csv,5,_
C:\Users\Patrick\Documents\GitHub\ICDeepLearning\Data\FullDataset\768\_\5\329.csv,5,_
C:\Users\Patrick\Documents\GitHub\ICDeepLearning\Data\FullDataset\768\_\5\330.csv,5,_
C:\Users\Patrick\Documents\GitHub\ICDeepLearning\Data\FullDataset\768\_\5\331.csv,5,_
C:\Users\Patrick\Documents\GitHub\ICDeepLearning\Data\FullDataset\768\_\5\332.csv,5,_
C:\Users\Patrick\Documents\GitHub\ICDeepLearning\Data\FullDataset\768\_\5\333.csv,5,_
C:\Users\Patrick\Documents\GitHub\ICDeepLearning\Data\FullDataset\768\_\5\334.csv,5,_
C:\Users\Patrick\Documents\GitHub\ICDeepLearning\Data\FullDataset\768\_\5\335.csv,5,_
C:\Users\Patrick\Documents\GitHub\ICDeepLearning\Data\FullDataset\768\_\5\336.csv,5,_
C:\Users\Patrick\Documents\GitHub\ICDeepLearning\Data\FullDataset\768\_\5\337.csv,5,_
C:\Users\Patrick\Documents\GitHub\ICDeepLearning\Data\FullDataset\768\_\5\338.csv,5,_
C:\Users\Patrick\Documents\GitHub\ICDeepLearning\Data\FullDataset\768\_\5\339.csv,5,_
C:\Users\Patrick\Documents\GitHub\ICDeepLearning\Data\FullDataset\768\_\5\340.csv,5,_
C:\Users\Patrick\Documents\GitHub\ICDeepLearning\Data\FullDataset\768\_\5\341.csv,5,_
C:\Users\Patrick\Documents\GitHub\ICDeepLearning\Data\FullDataset\768\_\5\342.csv,5,_
C:\Users\Patrick\Documents\GitHub\ICDeepLearning\Data\FullDataset\768\_\5\343.csv,5,_
C:\Users\Patrick\Documents\GitHub\ICDeepLearning\Data\FullDataset\768\_\5\344.csv,5,_
C:\Users\Patrick\Documents\GitHub\ICDeepLearning\Data\FullDataset\768\_\5\345.csv,5,_
C:\Users\Patrick\Documents\GitHub\ICDeepLearning\Data\FullDataset\768\_\5\346.csv,5,_
C:\Users\Patrick\Documents\GitHub\ICDeepLearning\Data\FullDataset\768\_\5\347.csv,5,_
C:\Users\Patrick\Documents\GitHub\ICDeepLearning\Data\FullDataset\768\_\5\348.csv,5,_
C:\Users\Patrick\Documents\GitHub\ICDeepLearning\Data\FullDataset\768\_\5\349.csv,5,_
C:\Users\Patrick\Documents\GitHub\ICDeepLearning\Data\FullDataset\768\_\5\350.csv,5,_
C:\Users\Patrick\Documents\GitHub\ICDeepLearning\Data\FullDataset\768\_\5\351.csv,5,_
C:\Users\Patrick\Documents\GitHub\ICDeepLearning\Data\FullDataset\768\_\5\352.csv,5,_
C:\Users\Patrick\Documents\GitHub\ICDeepLearning\Data\FullDataset\768\_\5\353.csv,5,_
C:\Users\Patrick\Documents\GitHub\ICDeepLearning\Data\FullDataset\768\_\5\354.csv,5,_
C:\Users\Patrick\Documents\GitHub\ICDeepLearning\Data\FullDataset\768\_\5\355.csv,5,_
C:\Users\Patrick\Documents\GitHub\ICDeepLearning\Data\FullDataset\768\_\5\356.csv,5,_
C:\Users\Patrick\Documents\GitHub\ICDeepLearning\Data\FullDataset\768\_\5\357.csv,5,_
C:\Users\Patrick\Documents\GitHub\ICDeepLearning\Data\FullDataset\768\_\5\358.csv,5,_
C:\Users\Patrick\Documents\GitHub\ICDeepLearning\Data\FullDataset\768\_\5\359.csv,5,_
C:\Users\Patrick\Documents\GitHub\ICDeepLearning\Data\FullDataset\768\_\5\360.csv,5,_
C:\Users\Patrick\Documents\GitHub\ICDeepLearning\Data\FullDataset\768\_\5\361.csv,5,_
C:\Users\Patrick\Documents\GitHub\ICDeepLearning\Data\FullDataset\768\_\5\362.csv,5,_
C:\Users\Patrick\Documents\GitHub\ICDeepLearning\Data\FullDataset\768\_\5\363.csv,5,_
C:\Users\Patrick\Documents\GitHub\ICDeepLearning\Data\FullDataset\768\_\5\364.csv,5,_
C:\Users\Patrick\Documents\GitHub\ICDeepLearning\Data\FullDataset\768\_\5\365.csv,5,_
C:\Users\Patrick\Documents\GitHub\ICDeepLearning\Data\FullDataset\768\_\5\366.csv,5,_
C:\Users\Patrick\Documents\GitHub\ICDeepLearning\Data\FullDataset\768\_\5\367.csv,5,_
C:\Users\Patrick\Documents\GitHub\ICDeepLearning\Data\FullDataset\768\_\5\368.csv,5,_
C:\Users\Patrick\Documents\GitHub\ICDeepLearning\Data\FullDataset\768\_\5\369.csv,5,_
C:\Users\Patrick\Documents\GitHub\ICDeepLearning\Data\FullDataset\768\_\5\370.csv,5,_
C:\Users\Patrick\Documents\GitHub\ICDeepLearning\Data\FullDataset\768\_\5\371.csv,5,_
C:\Users\Patrick\Documents\GitHub\ICDeepLearning\Data\FullDataset\768\_\5\372.csv,5,_
C:\Users\Patrick\Documents\GitHub\ICDeepLearning\Data\FullDataset\768\_\5\373.csv,5,_
C:\Users\Patrick\Documents\GitHub\ICDeepLearning\Data\FullDataset\768\_\5\374.csv,5,_
C:\Users\Patrick\Documents\GitHub\ICDeepLearning\Data\FullDataset\768\_\5\375.csv,5,_
C:\Users\Patrick\Documents\GitHub\ICDeepLearning\Data\FullDataset\768\_\5\376.csv,5,_
C:\Users\Patrick\Documents\GitHub\ICDeepLearning\Data\FullDataset\768\_\5\377.csv,5,_
C:\Users\Patrick\Documents\GitHub\ICDeepLearning\Data\FullDataset\768\_\5\378.csv,5,_
C:\Users\Patrick\Documents\GitHub\ICDeepLearning\Data\FullDataset\768\_\5\379.csv,5,_
C:\Users\Patrick\Documents\GitHub\ICDeepLearning\Data\FullDataset\768\_\5\380.csv,5,_
C:\Users\Patrick\Documents\GitHub\ICDeepLearning\Data\FullDataset\768\_\5\381.csv,5,_
C:\Users\Patrick\Documents\GitHub\ICDeepLearning\Data\FullDataset\768\_\5\382.csv,5,_
C:\Users\Patrick\Documents\GitHub\ICDeepLearning\Data\FullDataset\768\_\5\383.csv,5,_
C:\Users\Patrick\Documents\GitHub\ICDeepLearning\Data\FullDataset\768\_\5\384.csv,5,_
C:\Users\Patrick\Documents\GitHub\ICDeepLearning\Data\FullDataset\768\_\5\385.csv,5,_
C:\Users\Patrick\Documents\GitHub\ICDeepLearning\Data\FullDataset\768\_\5\386.csv,5,_
C:\Users\Patrick\Documents\GitHub\ICDeepLearning\Data\FullDataset\768\_\5\387.csv,5,_
C:\Users\Patrick\Documents\GitHub\ICDeepLearning\Data\FullDataset\768\_\5\388.csv,5,_
C:\Users\Patrick\Documents\GitHub\ICDeepLearning\Data\FullDataset\768\_\5\389.csv,5,_
C:\Users\Patrick\Documents\GitHub\ICDeepLearning\Data\FullDataset\768\_\5\390.csv,5,_
C:\Users\Patrick\Documents\GitHub\ICDeepLearning\Data\FullDataset\768\_\5\391.csv,5,_
C:\Users\Patrick\Documents\GitHub\ICDeepLearning\Data\FullDataset\768\_\5\392.csv,5,_
C:\Users\Patrick\Documents\GitHub\ICDeepLearning\Data\FullDataset\768\_\5\393.csv,5,_
C:\Users\Patrick\Documents\GitHub\ICDeepLearning\Data\FullDataset\768\_\5\394.csv,5,_
C:\Users\Patrick\Documents\GitHub\ICDeepLearning\Data\FullDataset\768\_\5\395.csv,5,_
C:\Users\Patrick\Documents\GitHub\ICDeepLearning\Data\FullDataset\768\_\5\396.csv,5,_
C:\Users\Patrick\Documents\GitHub\ICDeepLearning\Data\FullDataset\768\_\5\397.csv,5,_
C:\Users\Patrick\Documents\GitHub\ICDeepLearning\Data\FullDataset\768\_\5\398.csv,5,_
C:\Users\Patrick\Documents\GitHub\ICDeepLearning\Data\FullDataset\768\_\5\399.csv,5,_
C:\Users\Patrick\Documents\GitHub\ICDeepLearning\Data\FullDataset\768\_\5\400.csv,5,_
C:\Users\Patrick\Documents\GitHub\ICDeepLearning\Data\FullDataset\768\_\5\401.csv,5,_
C:\Users\Patrick\Documents\GitHub\ICDeepLearning\Data\FullDataset\768\_\5\402.csv,5,_
C:\Users\Patrick\Documents\GitHub\ICDeepLearning\Data\FullDataset\768\_\5\403.csv,5,_
C:\Users\Patrick\Documents\GitHub\ICDeepLearning\Data\FullDataset\768\_\5\404.csv,5,_
C:\Users\Patrick\Documents\GitHub\ICDeepLearning\Data\FullDataset\768\_\5\405.csv,5,_
C:\Users\Patrick\Documents\GitHub\ICDeepLearning\Data\FullDataset\768\_\5\406.csv,5,_
C:\Users\Patrick\Documents\GitHub\ICDeepLearning\Data\FullDataset\768\_\5\407.csv,5,_
C:\Users\Patrick\Documents\GitHub\ICDeepLearning\Data\FullDataset\768\_\5\408.csv,5,_
C:\Users\Patrick\Documents\GitHub\ICDeepLearning\Data\FullDataset\768\_\5\409.csv,5,_
C:\Users\Patrick\Documents\GitHub\ICDeepLearning\Data\FullDataset\768\_\5\410.csv,5,_
C:\Users\Patrick\Documents\GitHub\ICDeepLearning\Data\FullDataset\768\_\5\411.csv,5,_
C:\Users\Patrick\Documents\GitHub\ICDeepLearning\Data\FullDataset\768\_\5\412.csv,5,_
C:\Users\Patrick\Documents\GitHub\ICDeepLearning\Data\FullDataset\768\_\5\413.csv,5,_
C:\Users\Patrick\Documents\GitHub\ICDeepLearning\Data\FullDataset\768\_\5\414.csv,5,_
C:\Users\Patrick\Documents\GitHub\ICDeepLearning\Data\FullDataset\768\_\5\415.csv,5,_
C:\Users\Patrick\Documents\GitHub\ICDeepLearning\Data\FullDataset\768\_\5\416.csv,5,_
C:\Users\Patrick\Documents\GitHub\ICDeepLearning\Data\FullDataset\768\_\5\417.csv,5,_
C:\Users\Patrick\Documents\GitHub\ICDeepLearning\Data\FullDataset\768\_\5\418.csv,5,_
C:\Users\Patrick\Documents\GitHub\ICDeepLearning\Data\FullDataset\768\_\5\419.csv,5,_
C:\Users\Patrick\Documents\GitHub\ICDeepLearning\Data\FullDataset\768\_\5\420.csv,5,_
C:\Users\Patrick\Documents\GitHub\ICDeepLearning\Data\FullDataset\768\_\5\421.csv,5,_
C:\Users\Patrick\Documents\GitHub\ICDeepLearning\Data\FullDataset\768\_\5\422.csv,5,_
